ResellerKey,Reseller ID,Business Type,Reseller,City,State-Province,Country-Region,Postal Code,Latitude,Longitude
5,AW00000005,Specialty Bike Shop,Metropolitan Sports Supply,Fremont,California,United States,94536,37.5482697,-121.988571
6,AW00000006,Warehouse,Aerobic Exercise Company,Camarillo,California,United States,93010,34.2176371,-119.0383541
23,AW00000023,Specialty Bike Shop,Bike World,San Ramon,California,United States,94583,37.7648021,-121.9544387
24,AW00000024,Warehouse,Eastside Department Store,Union City,California,United States,94587,37.5872576,-122.0215737
25,AW00000025,Value Added Reseller,Coalition Bike Company,El Segundo,California,United States,90245,33.917028,-118.4156337
41,AW00000041,Specialty Bike Shop,Distant Inn,Milpitas,California,United States,95035,37.4332273,-121.8989248
42,AW00000042,Warehouse,Healthy Activity Store,Newport Beach,California,United States,92625,33.6170092,-117.9294401
59,AW00000059,Specialty Bike Shop,Locks Company,Visalia,California,United States,93291,36.3302284,-119.292058
60,AW00000060,Warehouse,Main Bicycle Services,Hayward,California,United States,94541,37.6688205,-122.080796
61,AW00000061,Value Added Reseller,Many Bikes Store,Fullerton,California,United States,92831,33.8708215,-117.929416
77,AW00000077,Specialty Bike Shop,Mechanical Products Ltd.,San Diego,California,United States,92102,32.7174202,-117.162772
78,AW00000078,Warehouse,Preferred Bikes,Ontario,California,United States,91764,34.065846,-117.64843
95,AW00000095,Specialty Bike Shop,Rural Department Store,Pleasanton,California,United States,94566,37.6624312,-121.8746789
96,AW00000096,Warehouse,More Bikes!,Santa Ana,California,United States,92701,33.7494951,-117.873221
97,AW00000097,Value Added Reseller,Mountain Bike Center,Newark,California,United States,94560,37.5296593,-122.0402399
113,AW00000113,Value Added Reseller,Trendy Department Stores,Fontana,California,United States,92335,34.0922947,-117.43433
114,AW00000114,Specialty Bike Shop,Two Wheels Cycle Store,San Francisco,California,United States,94109,37.7879363,-122.4075201
131,AW00000131,Value Added Reseller,Eighth Bike Store,El Segundo,California,United States,90245,33.917028,-118.4156337
133,AW00000133,Warehouse,Commercial Sporting Goods,Modesto,California,United States,95354,37.6393419,-120.9968892
150,AW00000150,Specialty Bike Shop,Fleet Bikes,Stockton,California,United States,95202,37.9577016,-121.290779
151,AW00000151,Warehouse,Futuristic Bikes,Culver City,California,United States,90232,34.0211224,-118.396466
167,AW00000167,Value Added Reseller,Farthermost Bike Shop,Carson,California,United States,90746,33.8322043,-118.2517547
168,AW00000168,Specialty Bike Shop,Economy Bikes Company,Bell Gardens,California,United States,90201,33.9694561,-118.1503953
185,AW00000185,Value Added Reseller,Weekend Bike Tours,San Jose,California,United States,95112,37.3361663,-121.890591
187,AW00000187,Warehouse,Trailblazing Sports,Cerritos,California,United States,90703,33.8644291,-118.0539323
203,AW00000203,Value Added Reseller,Separate Parts Corporation,Monrovia,California,United States,91016,34.1483499,-118.0014517
204,AW00000204,Specialty Bike Shop,Traction Tire Company,Torrance,California,United States,90505,33.8371392,-118.3413606
239,AW00000239,Warehouse,Bicycle Merchandise Warehouse,Santa Monica,California,United States,90401,34.0194704,-118.491227
240,AW00000240,Value Added Reseller,Wire Baskets and Parts,Orange,California,United States,92867,33.750631,-117.8722311
241,AW00000241,Specialty Bike Shop,Vale Riding Supplies,Canoga Park,California,United States,91303,34.2011078,-118.5978087
257,AW00000257,Warehouse,Number 1 Supply,Escondido,California,United States,92025,33.1216751,-117.0814849
258,AW00000258,Value Added Reseller,Quantity Discounts,Sacramento,California,United States,95814,38.5810606,-121.493895
259,AW00000259,Specialty Bike Shop,Highway Bike Shop,Simi Valley,California,United States,93065,34.2677404,-118.7538071
275,AW00000275,Warehouse,Outdoor Sporting Goods,Lakewood,California,United States,90712,33.8503463,-118.117191
276,AW00000276,Value Added Reseller,Thrifty Parts and Sales,Oxnard,California,United States,93030,34.1976308,-119.180381
277,AW00000277,Specialty Bike Shop,The Bicycle Accessories Company,Alhambra,California,United States,91801,34.093042,-118.12706
294,AW00000294,Value Added Reseller,Flawless Bike Shop,Vista,California,United States,92084,33.2021425,-117.2424805
295,AW00000295,Specialty Bike Shop,Engineered Bike Systems,Oxnard,California,United States,93030,34.1976308,-119.180381
311,AW00000311,Warehouse,Principal Bike Company,Upland,California,United States,91786,34.09751,-117.6483876
312,AW00000312,Value Added Reseller,Resale Services,Culver City,California,United States,90232,34.0211224,-118.396466
313,AW00000313,Specialty Bike Shop,Metropolitan Manufacturing,El Cajon,California,United States,92020,32.7947731,-116.962526
329,AW00000329,Specialty Bike Shop,"Unicycles, Bicycles, and Tricycles",Downey,California,United States,90241,33.9404441,-118.1292846
330,AW00000330,Warehouse,The New Bike Store,Hanford,California,United States,93230,36.3277959,-119.6461565
331,AW00000331,Value Added Reseller,Technical Parts Manufacturing,Ontario,California,United States,91764,34.065846,-117.64843
347,AW00000347,Specialty Bike Shop,Bike Universe,Vacaville,California,United States,95688,38.3565773,-121.9877444
349,AW00000349,Value Added Reseller,Exercise Center,San Jose,California,United States,95112,37.3361663,-121.890591
365,AW00000365,Specialty Bike Shop,Distinctive Store,Barstow,California,United States,92311,34.8986215,-117.0244313
366,AW00000366,Warehouse,Extended Bike Sales,City Of Commerce,California,United States,90040,33.9718653,-118.1275476
367,AW00000367,Value Added Reseller,Brown Bicycle Company,San Diego,California,United States,92102,32.7174202,-117.162772
383,AW00000383,Specialty Bike Shop,Vehicle Shop,Redlands,California,United States,92373,34.0550328,-117.1827445
384,AW00000384,Warehouse,Sparkling Paint and Finishes,San Ysidro,California,United States,92173,32.5520013,-117.0430813
385,AW00000385,Value Added Reseller,Sturdy Toys,Gilroy,California,United States,95020,37.0065078,-121.5631723
402,AW00000402,Warehouse,Pro Sporting Goods,Camarillo,California,United States,93010,34.2176371,-119.0383541
403,AW00000403,Value Added Reseller,Affordable Sports Equipment,Lake Elsinore,California,United States,92530,33.6680772,-117.3272615
419,AW00000419,Specialty Bike Shop,Exertion Activities Club,Norwalk,California,United States,90650,33.9092802,-118.0849169
420,AW00000420,Warehouse,Extreme Riding Supplies,Sherman Oaks,California,United States,91403,34.1508718,-118.448986
421,AW00000421,Value Added Reseller,Fitness Cycling,Whittier,California,United States,90605,33.9749136,-118.0338664
455,AW00000455,Value Added Reseller,Timely Shipping Service,Alpine,California,United States,91901,32.8350521,-116.7664109
456,AW00000456,Specialty Bike Shop,Riding Excursions,Irvine,California,United States,92614,33.6856969,-117.825981
474,AW00000474,Specialty Bike Shop,Retail Cycle Shop,Eureka,California,United States,95501,40.8018746,-124.1707558
491,AW00000491,Value Added Reseller,Area Bike Accessories,Modesto,California,United States,95354,37.6393419,-120.9968892
492,AW00000492,Specialty Bike Shop,Basic Sports Equipment,Baldwin Park,California,United States,91706,34.0854739,-117.9611761
493,AW00000493,Warehouse,Valley Bicycle Distributors,Citrus Heights,California,United States,95610,38.7071247,-121.2810611
510,AW00000510,Specialty Bike Shop,World Bike Discount Store,Trabuco Canyon,California,United States,92679,33.6626232,-117.58938
511,AW00000511,Warehouse,Wheel Gallery,San Mateo,California,United States,94404,37.5629997,-122.3253265
528,AW00000528,Specialty Bike Shop,Alpine Ski House,Elk Grove,California,United States,95624,38.4087993,-121.3716178
529,AW00000529,Warehouse,Big-Time Bike Store,Camarillo,California,United States,93010,34.2176371,-119.0383541
545,AW00000545,Value Added Reseller,Finish and Sealant Products,San Bruno,California,United States,94066,37.6248536,-122.4145986
547,AW00000547,Specialty Bike Shop,Curbside Sporting Goods,Walnut Creek,California,United States,94596,37.9020731,-122.0618702
565,AW00000565,Specialty Bike Shop,Metallic Paint and Overcoat Co,Vista,California,United States,92084,33.2021425,-117.2424805
582,AW00000582,Value Added Reseller,Professional Sales and Service,Van Nuys,California,United States,91411,34.1866193,-118.4486675
599,AW00000599,Warehouse,Westside Plaza,Sand City,California,United States,93955,36.6171819,-121.848285
600,AW00000600,Value Added Reseller,Strenuous Exercise Shop,Norwalk,California,United States,90650,33.9092802,-118.0849169
608,AW00000608,Warehouse,Golf and Cycle Store,La Mesa,California,United States,91941,32.7678288,-117.0230839
609,AW00000609,Value Added Reseller,Good Toys,Auburn,California,United States,95603,38.8945939,-121.0739897
648,AW00000648,Value Added Reseller,Small Bike Shop,El Segundo,California,United States,90245,33.917028,-118.4156337
649,AW00000649,Specialty Bike Shop,Sports Products Store,Santa Ana,California,United States,92701,33.7494951,-117.873221
674,AW00000674,Specialty Bike Shop,Discount Tours,Daly City,California,United States,94015,37.6904826,-122.47267
1,AW00000001,Value Added Reseller,A Bike Store,Seattle,Washington,United States,98104,47.6038321,-122.330062
2,AW00000002,Specialty Bike Shop,Progressive Sports,Renton,Washington,United States,98055,47.4799078,-122.2034496
3,AW00000003,Warehouse,Advanced Bike Components,Irving,Texas,United States,75061,32.8295183,-96.9442177
4,AW00000004,Value Added Reseller,Modular Cycle Systems,Austin,Texas,United States,78701,30.2711286,-97.7436995
7,AW00000007,Value Added Reseller,Associated Bikes,Salt Lake City,Utah,United States,84101,40.7596198,-111.886797
8,AW00000008,Specialty Bike Shop,Exemplary Cycles,Miami,Florida,United States,33127,25.7741566,-80.1935973
9,AW00000009,Warehouse,Tandem Bicycle Store,Millington,Tennessee,United States,38054,35.3414745,-89.8973084
17,AW00000017,Specialty Bike Shop,Trusted Catalog Store,Newport News,Virginia,United States,23607,36.9775016,-76.42977
18,AW00000018,Warehouse,Catalog Store,Zeeland,Michigan,United States,49464,42.8123375,-86.0165267
19,AW00000019,Value Added Reseller,Center Cycle Shop,Bothell,Washington,United States,98011,47.7623204,-122.2054035
20,AW00000020,Specialty Bike Shop,Central Discount Store,Kent,Washington,United States,98031,47.3826903,-122.2270272
21,AW00000021,Warehouse,Chic Department Stores,Irving,Texas,United States,75061,32.8295183,-96.9442177
22,AW00000022,Value Added Reseller,Travel Systems,North Sioux City,South Dakota,United States,57049,42.5246831,-96.4872384
26,AW00000026,Specialty Bike Shop,Stylish Department Stores,Miami,Florida,United States,33127,25.7741566,-80.1935973
27,AW00000027,Warehouse,Sports Sales and Rental,Millington,Tennessee,United States,38054,35.3414745,-89.8973084
35,AW00000035,Specialty Bike Shop,Economic Parts Supply,West Kingston,Rhode Island,United States,2892,41.4831215,-71.5518467
36,AW00000036,Warehouse,Exotic Bikes,South Bend,Indiana,United States,46601,41.6833813,-86.2500066
37,AW00000037,Value Added Reseller,Two Bike Shops,Puyallup,Washington,United States,98371,47.1849009,-122.29214
38,AW00000038,Specialty Bike Shop,Finer Mart,Billings,Montana,United States,59101,45.7874957,-108.49607
39,AW00000039,Warehouse,Fitness Hotel,Edina,Minnesota,United States,55436,44.8897027,-93.3501222
40,AW00000040,Value Added Reseller,Journey Sporting Goods,Laredo,Texas,United States,78040,27.5079211,-99.5069834
43,AW00000043,Value Added Reseller,Frugal Bike Shop,Salt Lake City,Utah,United States,84101,40.7596198,-111.886797
44,AW00000044,Specialty Bike Shop,Games and Sport Supply Company,Huntsville,Alabama,United States,35801,34.729847,-86.5859011
45,AW00000045,Warehouse,Every Bike Shop,La Vergne,Tennessee,United States,37086,36.0156178,-86.5819394
53,AW00000053,Specialty Bike Shop,Incomparable Bicycle Store,Norwood,Massachusetts,United States,2062,42.194543,-71.1994976
54,AW00000054,Warehouse,Larger Cycle Shop,Melville,New York,United States,11747,40.7934322,-73.4151214
55,AW00000055,Value Added Reseller,Kickstands and Accessories Company,Medford,Oregon,United States,97504,42.3264181,-122.8718605
56,AW00000056,Specialty Bike Shop,Latest Accessories Sales,Portland,Oregon,United States,97205,45.5202471,-122.674194
57,AW00000057,Warehouse,Leading Sales & Repair,West Chicago,Illinois,United States,60185,41.8847507,-88.2039607
58,AW00000058,Value Added Reseller,Largest Bike Store,Chicago,Illinois,United States,60610,41.8755616,-87.6244212
62,AW00000062,Specialty Bike Shop,Manufacturers Inc,Nashville,Tennessee,United States,37203,36.1622767,-86.7742984
63,AW00000063,Warehouse,Metro Bike Mart,Greensboro,North Carolina,United States,27412,36.0726355,-79.7919754
71,AW00000071,Specialty Bike Shop,Outdoor Distributors,Farmington,Connecticut,United States,6032,41.7198216,-72.8320435
72,AW00000072,Warehouse,Outdoor Equipment Store,Nashua,New Hampshire,United States,3064,42.7656251,-71.4677032
73,AW00000073,Value Added Reseller,Outdoor Sports Supply,North Bend,Washington,United States,98045,47.4957757,-121.784889
74,AW00000074,Specialty Bike Shop,Parcel Express Delivery Service,Portland,Oregon,United States,97205,45.5202471,-122.674194
75,AW00000075,Warehouse,Paint Supply,Garland,Texas,United States,75040,32.912624,-96.6388833
76,AW00000076,Value Added Reseller,Out-of-the-Way Hotels,Wood Dale,Illinois,United States,60191,41.9625033,-87.9751347
79,AW00000079,Value Added Reseller,Reasonable Bicycle Sales,Greeley,Colorado,United States,80631,40.4233142,-104.7091322
80,AW00000080,Specialty Bike Shop,Racks and Security Systems,Sunrise,Florida,United States,33322,26.1666888,-80.2787573
81,AW00000081,Warehouse,Rally Day Mall,Miami,Florida,United States,33127,25.7741566,-80.1935973
89,AW00000089,Specialty Bike Shop,Riverside Company,Oberlin,Ohio,United States,44074,41.2939386,-82.2173786
90,AW00000090,Warehouse,Sales and Supply Company,Chantilly,Virginia,United States,20151,38.8941543,-77.4311513
91,AW00000091,Value Added Reseller,Scooters and Bikes Store,Beaverton,Oregon,United States,97005,45.4871723,-122.80378
92,AW00000092,Specialty Bike Shop,Sports Commodities,Woodinville,Washington,United States,98072,47.7545827,-122.1588902
93,AW00000093,Warehouse,Stationary Bikes and Stands,Round Rock,Texas,United States,78664,30.5085915,-97.6788056
94,AW00000094,Value Added Reseller,Specialty Sports Store,Fort Worth,Texas,United States,76102,32.753177,-97.3327459
98,AW00000098,Specialty Bike Shop,Superlative Bikes,Miami,Florida,United States,33127,25.7741566,-80.1935973
99,AW00000099,Warehouse,Unified Sports Company,Sarasota,Florida,United States,34236,27.3365805,-82.5308545
107,AW00000107,Specialty Bike Shop,Wholesale Bikes,Randolph,Massachusetts,United States,2368,42.1626018,-71.0413386
108,AW00000108,Warehouse,Wheelsets Storehouse,Kittery,Maine,United States,3904,43.0856724,-70.743658
109,AW00000109,Value Added Reseller,Travel Sports,Issaquah,Washington,United States,98027,47.5348778,-122.043297
110,AW00000110,Value Added Reseller,Vintage Sport Boutique,Idaho Falls,Idaho,United States,83402,43.4887907,-112.03628
111,AW00000111,Specialty Bike Shop,Westside Cycle Store,Elgin,Illinois,United States,60120,42.03726,-88.2810994
112,AW00000112,Warehouse,Town Industries,Dallas,Texas,United States,75201,32.7762719,-96.7968559
115,AW00000115,Warehouse,Security Racks and Locks Wholesalers,Sparks,Nevada,United States,89431,39.5404679,-119.7487235
116,AW00000116,Value Added Reseller,Retirement Activities Association,Atlanta,Georgia,United States,30308,33.7544657,-84.3898151
117,AW00000117,Specialty Bike Shop,Pedals Warehouse,Suwanee,Georgia,United States,30024,34.0514898,-84.0712997
125,AW00000125,Value Added Reseller,Immediate Repair Shop,Stamford,Connecticut,United States,6901,41.0534302,-73.5387341
126,AW00000126,Specialty Bike Shop,Famous Bike Sales and Service,Endicott,New York,United States,13760,42.098408,-76.0493684
127,AW00000127,Warehouse,Front Sporting Goods,Redmond,Washington,United States,98052,47.6694141,-122.1238767
128,AW00000128,Value Added Reseller,Demand Distributors,Wenatchee,Washington,United States,98801,47.4234599,-120.310349
129,AW00000129,Specialty Bike Shop,Discount Bicycle Specialists,Wood Dale,Illinois,United States,60191,41.9625033,-87.9751347
130,AW00000130,Warehouse,Elite Bikes,Dallas,Texas,United States,75201,32.7762719,-96.7968559
132,AW00000132,Specialty Bike Shop,Another Sporting Goods Company,Westminster,Colorado,United States,80030,39.8366528,-105.0372046
134,AW00000134,Value Added Reseller,Budget Bike Company,Millington,Tennessee,United States,38054,35.3414745,-89.8973084
135,AW00000135,Specialty Bike Shop,Wonderful Bikes Inc.,Memphis,Tennessee,United States,38103,35.1460249,-90.0517638
143,AW00000143,Value Added Reseller,Modern Bike Store,East Haven,Connecticut,United States,6512,41.2762081,-72.8684337
144,AW00000144,Specialty Bike Shop,Only Bikes and Accessories,New York,New York,United States,10007,40.7127281,-74.0060152
145,AW00000145,Warehouse,Raw Materials Inc,Redmond,Washington,United States,98052,47.6694141,-122.1238767
146,AW00000146,Value Added Reseller,Latest Sports Equipment,Seattle,Washington,United States,98104,47.6038321,-122.330062
147,AW00000147,Specialty Bike Shop,Local Hardware Factory,Chicago,Illinois,United States,60610,41.8755616,-87.6244212
148,AW00000148,Warehouse,Lots of Bikes Storehouse,Carol Stream,Illinois,United States,60188,41.9125286,-88.1347927
149,AW00000149,Value Added Reseller,Initial Bike Company,Westminster,Colorado,United States,80030,39.8366528,-105.0372046
152,AW00000152,Value Added Reseller,Distance Bikes,Clarkston,Georgia,United States,30021,33.8095487,-84.2396434
153,AW00000153,Specialty Bike Shop,Widget Bicycle Specialists,Clearwater,Florida,United States,33755,27.9658533,-82.8001026
161,AW00000161,Value Added Reseller,Weekend Tours,Fort Wayne,Indiana,United States,46807,41.0799898,-85.1386015
162,AW00000162,Specialty Bike Shop,Tire Company,Warwick,Rhode Island,United States,2889,41.6992717,-71.4586114
163,AW00000163,Warehouse,Sports Merchandise,Klamath Falls,Oregon,United States,97601,42.224867,-121.78167
164,AW00000164,Value Added Reseller,Suburban Cycle Shop,Troutdale,Oregon,United States,97060,45.5392862,-122.3873133
165,AW00000165,Specialty Bike Shop,Third Bike Store,Dallas,Texas,United States,75201,32.7762719,-96.7968559
166,AW00000166,Warehouse,Fitness Toy Store,Garland,Texas,United States,75040,32.912624,-96.6388833
169,AW00000169,Warehouse,Downtown Hotel,Fernley,Nevada,United States,89408,39.6076575,-119.2509808
170,AW00000170,Value Added Reseller,Excellent Riding Supplies,Memphis,Tennessee,United States,38103,35.1460249,-90.0517638
171,AW00000171,Specialty Bike Shop,Eighty Toy Stores,Mcdonough,Georgia,United States,30253,33.4473361,-84.1468616
179,AW00000179,Value Added Reseller,Fourth Bike Store,Mentor,Ohio,United States,44060,41.6664781,-81.3399769
180,AW00000180,Specialty Bike Shop,Full-Service Bike Store,Pontiac,Michigan,United States,48342,42.6389216,-83.2910468
181,AW00000181,Warehouse,Family Entertainment Center,Clackamas,Oregon,United States,97015-6403,45.4146516,-122.5532561
182,AW00000182,Value Added Reseller,Another Bicycle Company,Milwaukie,Oregon,United States,97222,45.4440051,-122.6412523
183,AW00000183,Specialty Bike Shop,This Area Sporting Goods,Chicago,Illinois,United States,60610,41.8755616,-87.6244212
184,AW00000184,Warehouse,Go-cart and Bike Specialists,Carrollton,Texas,United States,75006,32.9515472,-96.9034244
186,AW00000186,Specialty Bike Shop,Thrilling Bike Tours,Santa Fe,New Mexico,United States,87501,35.6876096,-105.938456
188,AW00000188,Value Added Reseller,Variety Bike Outlet,Miami,Florida,United States,33127,25.7741566,-80.1935973
189,AW00000189,Specialty Bike Shop,Principal Bicycle Supply,Mobile,Alabama,United States,36602,30.6913462,-88.0437509
197,AW00000197,Value Added Reseller,"Fabrikam Inc., West",Novi,Michigan,United States,48375,42.48059,-83.4754913
198,AW00000198,Specialty Bike Shop,Field Trip Inc,Southfield,Michigan,United States,48034,42.4733689,-83.2218731
199,AW00000199,Warehouse,Authorized Bike Sales and Rental,Renton,Washington,United States,98055,47.4799078,-122.2034496
200,AW00000200,Value Added Reseller,Basic Bike Company,Port Orchard,Washington,United States,98366,47.5315625,-122.6384056
201,AW00000201,Specialty Bike Shop,Unsurpassed Bikes,Dallas,Texas,United States,75201,32.7762719,-96.7968559
202,AW00000202,Warehouse,Two-Seater Bikes,Plano,Texas,United States,75074,33.0136764,-96.6925096
205,AW00000205,Warehouse,Rally Master Company Inc,Chandler,Arizona,United States,85225,33.3062031,-111.841185
206,AW00000206,Value Added Reseller,New and Used Bicycles,Winston-Salem,North Carolina,United States,27104,36.0998131,-80.2440518
207,AW00000207,Specialty Bike Shop,Lubricant and Grease Suppliers,Rocky Mount,North Carolina,United States,27803,35.9423833,-77.7956949
215,AW00000215,Value Added Reseller,Eleventh Bike Store,Westport,Connecticut,United States,6880,41.1414855,-73.3578955
216,AW00000216,Specialty Bike Shop,Painters Bicycle Specialists,Waterbury,Connecticut,United States,6710,41.5538091,-73.0438362
217,AW00000217,Warehouse,City Manufacturing,Shelton,Washington,United States,98584,47.2150945,-123.100706
218,AW00000218,Value Added Reseller,Sure & Reliable Sporting Goods,Longview,Washington,United States,98632,46.1377048,-122.934462
219,AW00000219,Value Added Reseller,Extras Sporting Goods,Chicago,Illinois,United States,60610,41.8755616,-87.6244212
220,AW00000220,Specialty Bike Shop,Best o' Bikes,Saint Louis,Missouri,United States,63103,38.6254063,-90.190009
221,AW00000221,Warehouse,Bike Dealers Association,Las Cruces,New Mexico,United States,88001,32.3140354,-106.779807
222,AW00000222,Value Added Reseller,Sample Bike Store,Denver,Colorado,United States,80203,39.7392364,-104.984862
223,AW00000223,Specialty Bike Shop,Paints and Solvents Company,Englewood,Colorado,United States,80110,39.6482059,-104.9879641
224,AW00000224,Warehouse,Pedal Systems Company,Florence,Alabama,United States,35630,34.79981,-87.677251
225,AW00000225,Value Added Reseller,Optimal Bikes,Campbellsville,Kentucky,United States,42718,37.3433974,-85.3419069
233,AW00000233,Warehouse,Fashionable Department Stores,New Hartford,New York,United States,13413,43.073108,-75.2879252
234,AW00000234,Value Added Reseller,Eastside Sporting Goods,Indianapolis,Indiana,United States,46204,39.7683331,-86.1583502
235,AW00000235,Specialty Bike Shop,Certified Bicycle Supply,Lynnwood,Washington,United States,98036,47.8278656,-122.3053932
236,AW00000236,Warehouse,Closeout Boutique,Seattle,Washington,United States,98104,47.6038321,-122.330062
237,AW00000237,Value Added Reseller,Client Discount Store,Chicago,Illinois,United States,60610,41.8755616,-87.6244212
238,AW00000238,Specialty Bike Shop,A Great Bicycle Company,Jefferson City,Missouri,United States,65101,38.577359,-92.1724265
242,AW00000242,Warehouse,Spoke Manufacturers,Miami,Florida,United States,33127,25.7741566,-80.1935973
243,AW00000243,Value Added Reseller,Recreation Supplies,Kendall,Florida,United States,33143,25.6792695,-80.3172743
251,AW00000251,Warehouse,Endurance Bikes,Hamden,Connecticut,United States,6518,41.3836233,-72.9020069
252,AW00000252,Value Added Reseller,Classic Cycle Store,Milford,Connecticut,United States,6460,41.2222218,-73.0570603
253,AW00000253,Specialty Bike Shop,Roving Sports,Puyallup,Washington,United States,98371,47.1849009,-122.29214
254,AW00000254,Warehouse,Safe Cycles Shop,Bellevue,Washington,United States,98004,47.6144219,-122.192337
255,AW00000255,Value Added Reseller,Swift Cycles,Houston,Texas,United States,77003,29.7589382,-95.3676974
256,AW00000256,Specialty Bike Shop,Rental Bikes,Dallas,Texas,United States,75201,32.7762719,-96.7968559
260,AW00000260,Warehouse,Industrial Supplies,Miami,Florida,United States,33127,25.7741566,-80.1935973
261,AW00000261,Value Added Reseller,Functional Store North,Altamonte Springs,Florida,United States,32701,28.6619154,-81.3885899
269,AW00000269,Warehouse,Curbside Universe,Euclid,Ohio,United States,44119,41.5931049,-81.5267873
270,AW00000270,Value Added Reseller,Active Transport Inc.,North Randall,Ohio,United States,44128,41.434424,-81.525492
271,AW00000271,Specialty Bike Shop,Alternative Vehicles,Washougal,Washington,United States,98671,45.5819594,-122.3479921
272,AW00000272,Warehouse,Metro Cycle Shop,Tacoma,Washington,United States,98403,47.2455013,-122.438329
273,AW00000273,Value Added Reseller,A Typical Bike Shop,Round Rock,Texas,United States,78664,30.5085915,-97.6788056
274,AW00000274,Specialty Bike Shop,Active Systems,Duluth,Minnesota,United States,55802,46.7838287,-92.1052679
278,AW00000278,Warehouse,Tread Industries,Orlando,Florida,United States,32804,28.5421218,-81.379045
279,AW00000279,Value Added Reseller,Reliable Brake Systems,Memphis,Tennessee,United States,38103,35.1460249,-90.0517638
287,AW00000287,Warehouse,Handy Bike Services,Madison Heights,Michigan,United States,48071,42.4858692,-83.1052028
288,AW00000288,Value Added Reseller,Kickstand Sellers,Westland,Michigan,United States,48185,42.3238056,-83.4005321
289,AW00000289,Specialty Bike Shop,Moderately-Priced Bikes Store,Renton,Washington,United States,98055,47.4799078,-122.2034496
290,AW00000290,Warehouse,Friendly Bike Shop,Bellingham,Washington,United States,98225,48.7544012,-122.478836
291,AW00000291,Value Added Reseller,Grand Bicycle Stores,Baytown,Texas,United States,77520,29.7355047,-94.9774274
292,AW00000292,Specialty Bike Shop,Grease and Oil Products Company,Houston,Texas,United States,77003,29.7589382,-95.3676974
293,AW00000293,Warehouse,Fashionable Bikes and Accessories,Park City,Utah,United States,84098,40.6460921,-111.4979963
296,AW00000296,Warehouse,Extreme Toy Store,Birmingham,Alabama,United States,35203,33.5206824,-86.8024326
297,AW00000297,Value Added Reseller,Blue-Ribbon Bike Company,Saint Matthews,Kentucky,United States,40207,38.2528489,-85.6557947
305,AW00000305,Warehouse,Professional Sporting Goods,Michigan City,Indiana,United States,46360,41.7075394,-86.8950297
306,AW00000306,Value Added Reseller,Work and Play Association,Southgate,Michigan,United States,48195,42.2037103,-83.2067556
307,AW00000307,Specialty Bike Shop,Riding Associates,Puyallup,Washington,United States,98371,47.1849009,-122.29214
308,AW00000308,Warehouse,Rugged Bikes,Everett,Washington,United States,98201,47.9793437,-122.2127011
309,AW00000309,Value Added Reseller,The Gear Store,Houston,Texas,United States,77003,29.7589382,-95.3676974
310,AW00000310,Specialty Bike Shop,Orange Bicycle Company,Peoria,Illinois,United States,61606,40.6938609,-89.5891008
314,AW00000314,Warehouse,One-Piece Handle Bars,Tupelo,Mississippi,United States,38804,34.2576067,-88.7033859
315,AW00000315,Value Added Reseller,Juvenile Sports Equipment,Merritt Island,Florida,United States,32952,28.3581193,-80.6968385
323,AW00000323,Warehouse,Metro Bike Works,Detroit,Michigan,United States,48226,42.3315509,-83.0466403
324,AW00000324,Value Added Reseller,A Bicycle Association,De Witt,New York,United States,13214,43.0626125,-76.1335262
325,AW00000325,Specialty Bike Shop,All Cycle Shop,Bothell,Washington,United States,98011,47.7623204,-122.2054035
326,AW00000326,Warehouse,Year-Round Sports,Kent,Washington,United States,98031,47.3826903,-122.2270272
327,AW00000327,Value Added Reseller,World of Bikes,Saint Louis,Missouri,United States,63103,38.6254063,-90.190009
328,AW00000328,Value Added Reseller,Totes & Baskets Company,San Antonio,Texas,United States,78204,29.4246002,-98.4951405
332,AW00000332,Specialty Bike Shop,Topnotch Bikes,Montgomery,Alabama,United States,36104,32.3777111,-86.3090775
333,AW00000333,Warehouse,Resident Cycle Shop,Hixson,Tennessee,United States,37343,35.1406267,-85.2327349
341,AW00000341,Specialty Bike Shop,Independent Outlet,Clay,New York,United States,13041,43.186621,-76.2065431
342,AW00000342,Warehouse,Leather and Vinyl Manufacturing,Indianapolis,Indiana,United States,46204,39.7683331,-86.1583502
343,AW00000343,Value Added Reseller,Mail-Order Outlet,Ellensburg,Washington,United States,98926,46.9970635,-120.545122
344,AW00000344,Specialty Bike Shop,Fifth Bike Store,Everett,Washington,United States,98201,47.9793437,-122.2127011
345,AW00000345,Warehouse,Genial Bike Associates,Humble,Texas,United States,77338,29.9988312,-95.2621553
346,AW00000346,Value Added Reseller,Great Bicycle Supply,Moline,Illinois,United States,61265,41.5058344,-90.5136642
348,AW00000348,Warehouse,Bold Bike Accessories,Loveland,Colorado,United States,80537,40.3977612,-105.07498
350,AW00000350,Specialty Bike Shop,Mountain Emporium,Nashville,Tennessee,United States,37203,36.1622767,-86.7742984
351,AW00000351,Warehouse,Acclaimed Bicycle Company,Mcdonough,Georgia,United States,30253,33.4473361,-84.1468616
359,AW00000359,Specialty Bike Shop,Mechanical Sports Center,Cincinnati,Ohio,United States,45202,39.1014537,-84.5124602
360,AW00000360,Warehouse,Novelty Bikes,Saginaw,Michigan,United States,48601,43.4200387,-83.9490365
361,AW00000361,Value Added Reseller,Fitness Supplies,Sequim,Washington,United States,98382,48.0849312,-123.1096706
362,AW00000362,Specialty Bike Shop,Grand Cycle Store,Spokane,Washington,United States,99202,47.6571934,-117.42351
363,AW00000363,Warehouse,Immense Manufacturing Company,Saint Ann,Missouri,United States,63074,38.7272735,-90.3831719
364,AW00000364,Value Added Reseller,District Mall,Ferguson,Missouri,United States,63135,38.744707,-90.3038975
368,AW00000368,Specialty Bike Shop,Elemental Sporting Goods,Decatur,Georgia,United States,30030,33.7737582,-84.296069
369,AW00000369,Warehouse,Distinctive Cycles Sales & Service,Florence,Kentucky,United States,41042,38.9989499,-84.6266111
377,AW00000377,Specialty Bike Shop,Grand Sport Boutique,Saginaw,Michigan,United States,48601,43.4200387,-83.9490365
378,AW00000378,Warehouse,Grown-up Bike Store,Springdale,Ohio,United States,45246,39.287002,-84.4852213
379,AW00000379,Value Added Reseller,Fad Outlet,Portland,Oregon,United States,97205,45.5202471,-122.674194
380,AW00000380,Specialty Bike Shop,First Department Stores,Cheyenne,Wyoming,United States,82001,41.139981,-104.820246
381,AW00000381,Warehouse,Bicycle Lines Distributors,Saint Louis,Missouri,United States,63103,38.6254063,-90.190009
382,AW00000382,Value Added Reseller,Beneficial Exercises and Activities,San Antonio,Texas,United States,78204,29.4246002,-98.4951405
386,AW00000386,Specialty Bike Shop,Touring Services,Myrtle Beach,South Carolina,United States,29577,33.6956461,-78.8900409
387,AW00000387,Warehouse,Racing Association,Huntsville,Alabama,United States,35801,34.729847,-86.5859011
395,AW00000395,Specialty Bike Shop,Online Bike Sellers,Midland,Michigan,United States,48640,43.6155825,-84.2472117
396,AW00000396,Warehouse,Executive Gift Store,New Castle,Indiana,United States,47362,39.9289351,-85.3702477
397,AW00000397,Value Added Reseller,Capable Sales and Service,Seattle,Washington,United States,98104,47.6038321,-122.330062
398,AW00000398,Specialty Bike Shop,Commendable Bikes,Sandpoint,Idaho,United States,83864,48.2761306,-116.5487835
399,AW00000399,Warehouse,Big Cycle Mall,Killeen,Texas,United States,76541,31.1171441,-97.727796
400,AW00000400,Value Added Reseller,Local Sales and Rental,Joliet,Illinois,United States,60433,41.5263603,-88.0840212
401,AW00000401,Specialty Bike Shop,Brightwork Company,Las Vegas,Nevada,United States,89106,36.1674263,-115.1484131
404,AW00000404,Specialty Bike Shop,Activity Center,Crossville,Tennessee,United States,38555,35.949684,-85.0274835
405,AW00000405,Warehouse,Sporting Goods and Bicycle Shop,Kingsport,Tennessee,United States,37660,36.550238,-82.5594293
413,AW00000413,Specialty Bike Shop,Margie's Travel,Central Valley,New York,United States,10917,41.3317605,-74.120978
414,AW00000414,Warehouse,Grand Discount Store,Daleville,Indiana,United States,47334,40.1211546,-85.5580301
415,AW00000415,Value Added Reseller,Imaginary Toys,Spokane,Washington,United States,99202,47.6571934,-117.42351
416,AW00000416,Specialty Bike Shop,Impromptu Trips,Union Gap,Washington,United States,98903,46.5573492,-120.475063
417,AW00000417,Warehouse,Genuine Bike Shop,San Antonio,Texas,United States,78204,29.4246002,-98.4951405
418,AW00000418,Value Added Reseller,Good Bike Shop,Racine,Wisconsin,United States,53182,42.7313756,-87.7834769
422,AW00000422,Specialty Bike Shop,Consolidated Sales,Gaffney,South Carolina,United States,29340,35.0717945,-81.6498195
423,AW00000423,Warehouse,Bike Rims Company,Biloxi,Mississippi,United States,39530,30.4007626,-88.8893818
431,AW00000431,Specialty Bike Shop,Small Cycle Store,Holland,Michigan,United States,49423,42.7876022,-86.1090828
432,AW00000432,Warehouse,Super Sports Store,Indianapolis,Indiana,United States,46204,39.7683331,-86.1583502
433,AW00000433,Value Added Reseller,Thorough Parts and Repair Services,Lacey,Washington,United States,98503,47.0263876,-122.8072257
434,AW00000434,Specialty Bike Shop,Road-Way Mart,Missoula,Montana,United States,59801,46.8701049,-113.995267
435,AW00000435,Warehouse,Satin Finish Company,Corpus Christi,Texas,United States,78404,27.7635302,-97.4033191
436,AW00000436,Value Added Reseller,Sheet Metal Manufacturing,College Station,Texas,United States,77840,30.6183939,-96.3455991
437,AW00000437,Value Added Reseller,Professional Cycle Store,Phoenix,Arizona,United States,85004,33.4484367,-112.074141
438,AW00000438,Specialty Bike Shop,Remarkable Bike Store,Las Vegas,Nevada,United States,89106,36.1674263,-115.1484131
439,AW00000439,Warehouse,Regional Manufacturing,Tucson,Arizona,United States,85701,32.2228765,-110.974847
440,AW00000440,Value Added Reseller,Hobby Store,Orlando,Florida,United States,32804,28.5421218,-81.379045
441,AW00000441,Specialty Bike Shop,Leading Bike Distributors,Somerset,Kentucky,United States,42501,37.0920222,-84.6041084
449,AW00000449,Value Added Reseller,Bike Products and Accessories,Virginia Beach,Virginia,United States,23451,36.8496579,-75.9760751
450,AW00000450,Specialty Bike Shop,Bikes Anyone?,Saugus,Massachusetts,United States,1906,42.4648183,-71.010051
451,AW00000451,Warehouse,Roadway Bike Emporium,Medford,Oregon,United States,97504,42.3264181,-122.8718605
452,AW00000452,Value Added Reseller,A Cycle Shop,Albany,Oregon,United States,97321,44.6365071,-123.1059324
453,AW00000453,Specialty Bike Shop,Unique Bikes,Milwaukee,Wisconsin,United States,53202,43.0386475,-87.9090751
454,AW00000454,Warehouse,Sleek Bikes,Denby,South Dakota,United States,57716,43.0608228,-102.3376561
457,AW00000457,Warehouse,Retail Sporting Equipment,Mesa,Arizona,United States,85201,33.4151005,-111.831455
458,AW00000458,Value Added Reseller,Simple Bike Parts,Destin,Florida,United States,32541,30.3935337,-86.4957834
459,AW00000459,Specialty Bike Shop,Parts Shop,La Grange,Georgia,United States,30240,33.0204574,-85.0464556
467,AW00000467,Value Added Reseller,The Cycle Store,Falls Church,Virginia,United States,22046,38.882334,-77.1710914
468,AW00000468,Specialty Bike Shop,Blue Bicycle Company,Monroe,Michigan,United States,98272,41.7639467,-83.5692925
469,AW00000469,Warehouse,Vast Bike Sales and Rental,Chehalis,Washington,United States,98532,46.6599653,-122.963432
470,AW00000470,Value Added Reseller,Wingtip Toys,Kennewick,Washington,United States,99337,46.2087066,-119.119919
471,AW00000471,Specialty Bike Shop,Social Activities Club,San Antonio,Texas,United States,78204,29.4246002,-98.4951405
472,AW00000472,Warehouse,Summer Sports Place,Norridge,Illinois,United States,60706,41.9633641,-87.827284
473,AW00000473,Value Added Reseller,Racing Toys,Phoenix,Arizona,United States,85004,33.4484367,-112.074141
475,AW00000475,Warehouse,Real Sporting Goods,Phoenix,Arizona,United States,85004,33.4484367,-112.074141
476,AW00000476,Value Added Reseller,Noiseless Gear Company,Columbus,Georgia,United States,31901,32.4610708,-84.9880449
477,AW00000477,Specialty Bike Shop,Quitting Business Distributors,Tampa,Florida,United States,33602,27.9449854,-82.4583107
485,AW00000485,Value Added Reseller,Clamps & Brackets Co.,Leesburg,Virginia,United States,20176,39.1154506,-77.5645607
486,AW00000486,Specialty Bike Shop,Convenient Bike Shop,Braintree,Massachusetts,United States,2184,42.2205956,-71.0041229
487,AW00000487,Warehouse,Bike Experts,Salem,Oregon,United States,97301,44.9391565,-123.033121
488,AW00000488,Value Added Reseller,Bicycle Accessories and Kits,Lewiston,Idaho,United States,83501,46.4195913,-117.0216144
489,AW00000489,Specialty Bike Shop,Cash & Carry Bikes,Cedar Park,Texas,United States,78613,30.5217116,-97.827833
490,AW00000490,Warehouse,Extraordinary Bike Works,Mesquite,Texas,United States,75149,32.7666103,-96.599472
494,AW00000494,Value Added Reseller,Worthwhile Activity Store,Miami,Florida,United States,33127,25.7741566,-80.1935973
495,AW00000495,Specialty Bike Shop,Tough and Reliable Parts,Lakeland,Florida,United States,33801,28.0394654,-81.9498042
503,AW00000503,Value Added Reseller,Metropolitan Sales and Rental,Hooksett,New Hampshire,United States,3106,43.0939589,-71.462516
504,AW00000504,Specialty Bike Shop,Historic Bicycle Sales,Redford,Michigan,United States,48239,42.3833698,-83.2965971
505,AW00000505,Warehouse,Honest Repair Service,Kelso,Washington,United States,98626,46.1421249,-122.905299
506,AW00000506,Value Added Reseller,Great Bikes,Casper,Wyoming,United States,82601,42.8501191,-106.325138
507,AW00000507,Specialty Bike Shop,Global Sporting Goods,Stafford,Texas,United States,77477,29.6160671,-95.5577221
508,AW00000508,Warehouse,Designer Department Stores,Hillsboro,Texas,United States,76645,32.0108506,-97.1303744
509,AW00000509,Value Added Reseller,Fun Toys and Bikes,Tucson,Arizona,United States,85701,32.2228765,-110.974847
512,AW00000512,Value Added Reseller,Tiny Bike Boutique,Nashville,Tennessee,United States,37203,36.1622767,-86.7742984
513,AW00000513,Specialty Bike Shop,Village Tours,Newport,Kentucky,United States,41071,39.0889469,-84.4919524
521,AW00000521,Value Added Reseller,Mobile Outlet,Woonsocket,Rhode Island,United States,2895,42.005385,-71.5081574
522,AW00000522,Specialty Bike Shop,Small Bike Accessories Shop,Cheektowaga,New York,United States,14227,42.9033917,-78.7547536
523,AW00000523,Warehouse,Futuristic Sport Distributors,Longmont,Colorado,United States,80501,40.1672117,-105.101928
524,AW00000524,Value Added Reseller,Chain and Chain Tool Distributions,Smithfield,North Carolina,United States,27577,35.5111996,-78.346102
525,AW00000525,Specialty Bike Shop,Cycles and Scooters,Byron,Georgia,United States,31008,32.6537561,-83.7596294
527,AW00000527,Value Added Reseller,Fun Times Club,Parker,Colorado,United States,80138,39.5184514,-104.7612638
530,AW00000530,Value Added Reseller,Valuable Bike Parts Company,Orlando,Florida,United States,32804,28.5421218,-81.379045
531,AW00000531,Specialty Bike Shop,Sunny Place Bikes,Vero Beach,Florida,United States,32960,27.6387163,-80.3975399
539,AW00000539,Value Added Reseller,Glossy Bikes,Lake George,New York,United States,12845,43.425996,-73.712425
540,AW00000540,Specialty Bike Shop,Guaranteed Sales and Service,Burbank,Ohio,United States,44214,40.988667,-81.9948684
541,AW00000541,Warehouse,Nonskid Tire Company,Great Falls,Montana,United States,59401,47.5048851,-111.29189
542,AW00000542,Value Added Reseller,Finer Parts Shop,Kirkland,Washington,United States,98033,47.6765382,-122.2070775
543,AW00000543,Specialty Bike Shop,Friendly Neighborhood Bikes,Johnson Creek,Wisconsin,United States,53038,43.0759165,-88.774837
544,AW00000544,Warehouse,Valley Bicycle Specialists,Kansas City,Missouri,United States,64106,39.100105,-94.5781416
546,AW00000546,Value Added Reseller,Field Trip Store,Loveland,Colorado,United States,80537,40.3977612,-105.07498
548,AW00000548,Warehouse,New Bikes Company,Bluffton,South Carolina,United States,29910,32.2371465,-80.8603868
549,AW00000549,Value Added Reseller,Daring Rides,Clearwater,Florida,United States,33755,27.9658533,-82.8001026
557,AW00000557,Warehouse,Purchase Mart,Wrentham,Massachusetts,United States,2093,42.0667652,-71.3281114
558,AW00000558,Value Added Reseller,Retail Sales and Service,Tilton,New Hampshire,United States,3276,43.4687346,-71.5804893
559,AW00000559,Specialty Bike Shop,Some Discount Store,Cheyenne,Wyoming,United States,82001,41.139981,-104.820246
560,AW00000560,Warehouse,Major Sport Suppliers,Rock Springs,Wyoming,United States,82901,41.5860557,-109.2194544
561,AW00000561,Value Added Reseller,Mountain Toy Store,Sugar Land,Texas,United States,77478,29.6196787,-95.6349463
562,AW00000562,Specialty Bike Shop,Practical Bike Supply Company,Woodbury,Minnesota,United States,55125,44.919896,-92.9339449
563,AW00000563,Warehouse,Systematic Sales,Gilbert,Arizona,United States,85233,33.3527632,-111.789037
564,AW00000564,Value Added Reseller,Imported and Domestic Cycles,North Las Vegas,Nevada,United States,89030,36.2005191,-115.1214745
566,AW00000566,Warehouse,eCommerce Bikes,Gulfport,Mississippi,United States,39501,30.3674198,-89.0928155
567,AW00000567,Value Added Reseller,Global Plaza,Pigeon Forge,Tennessee,United States,37863,35.7884241,-83.5543329
575,AW00000575,Warehouse,Bicycle Outfitters,Cincinnati,Ohio,United States,45202,39.1014537,-84.5124602
576,AW00000576,Value Added Reseller,The Bike Mechanics,Mansfield,Ohio,United States,44903,40.75839,-82.5154471
577,AW00000577,Specialty Bike Shop,Synthetic Materials Manufacturing,Tacoma,Washington,United States,98403,47.2455013,-122.438329
578,AW00000578,Warehouse,The Bike Shop,Puyallup,Washington,United States,98371,47.1849009,-122.29214
579,AW00000579,Value Added Reseller,Riders Company,Branch,Minnesota,United States,55056,45.5052353,-92.9547187
580,AW00000580,Specialty Bike Shop,Rural Sales and Service,San Antonio,Texas,United States,78204,29.4246002,-98.4951405
581,AW00000581,Warehouse,Safe Toys,Rio Rancho,New Mexico,United States,87124,35.3108227,-106.6847453
583,AW00000583,Specialty Bike Shop,Professional Containers and Packaging Co.,Surprise,Arizona,United States,85374,33.629247,-112.3681428
584,AW00000584,Warehouse,Qualified Sales and Repair Services,Savannah,Georgia,United States,31401,32.0790074,-81.0921335
585,AW00000585,Value Added Reseller,Next-Door Bike Store,Memphis,Tennessee,United States,38103,35.1460249,-90.0517638
593,AW00000593,Warehouse,Expert Sports Store,Holland,Ohio,United States,43528,41.621718,-83.711604
594,AW00000594,Value Added Reseller,Casual Bicycle Store,Nashua,New Hampshire,United States,3064,42.7656251,-71.4677032
595,AW00000595,Specialty Bike Shop,Cycle Clearance,Albany,Oregon,United States,97321,44.6365071,-123.1059324
596,AW00000596,Warehouse,Coho Sports,Everett,Washington,United States,98201,47.9793437,-122.2127011
597,AW00000597,Value Added Reseller,All Seasons Sports Supply,Houston,Texas,United States,77003,29.7589382,-95.3676974
598,AW00000598,Specialty Bike Shop,Black Bicycle Company,Branson,Missouri,United States,65616,36.6440772,-93.2169256
601,AW00000601,Specialty Bike Shop,Transport Bikes,Sandy,Utah,United States,84070,40.5710454,-111.8953815
602,AW00000602,Warehouse,Ultimate Bike Shop,Maryville,Tennessee,United States,37801,35.7564719,-83.9704593
603,AW00000603,Value Added Reseller,Retail Toy Store,Miami,Florida,United States,33127,25.7741566,-80.1935973
604,AW00000604,Specialty Bike Shop,Sellers of Cycles,Clackamas,Oregon,United States,97015,45.4146516,-122.5532561
605,AW00000605,Warehouse,Outstanding Cycles,Spokane,Washington,United States,99202,47.6571934,-117.42351
606,AW00000606,Value Added Reseller,Little Bicycle Supply Shop,Mosinee,Wisconsin,United States,54455,44.7927669,-89.7030748
607,AW00000607,Specialty Bike Shop,Maintenance and Repair for Bicycles,La Marque,Texas,United States,77568,29.3685674,-94.9713134
610,AW00000610,Specialty Bike Shop,Fitness Department Stores,Scottsdale,Arizona,United States,85257,33.4942189,-111.926018
611,AW00000611,Warehouse,Front Runner Bikes,Bradenton,Florida,United States,34205,27.4989278,-82.5748194
612,AW00000612,Value Added Reseller,General Associates,Hollywood,Florida,United States,33021,26.0112014,-80.1494901
618,AW00000618,Value Added Reseller,Seventh Bike Store,Plaistow,New Hampshire,United States,3865,42.8364781,-71.0947805
619,AW00000619,Specialty Bike Shop,Strong Metal Manufacturing,Ithaca,New York,United States,14850,42.4396039,-76.4968019
620,AW00000620,Warehouse,Tires and Tubes,Cheyenne,Wyoming,United States,82001,41.139981,-104.820246
621,AW00000621,Value Added Reseller,Running and Cycling Gear,Bellingham,Washington,United States,98225,48.7544012,-122.478836
622,AW00000622,Specialty Bike Shop,Gift and Toy Store,Tuscola,Illinois,United States,61953,39.7998585,-88.2884552
623,AW00000623,Warehouse,Hardware Components,Minneapolis,Minnesota,United States,55402,44.9772995,-93.2654692
624,AW00000624,Value Added Reseller,First Cycle Store,Scottsdale,Arizona,United States,85257,33.4942189,-111.926018
625,AW00000625,Specialty Bike Shop,Major Sporting Goods,Chandler,Arizona,United States,85225,33.3062031,-111.841185
626,AW00000626,Warehouse,Retail Sporting Goods,Las Vegas,Nevada,United States,89106,36.1674263,-115.1484131
627,AW00000627,Value Added Reseller,Exchange Parts Inc.,Raleigh,North Carolina,United States,27603,35.7803977,-78.6390989
628,AW00000628,Specialty Bike Shop,Executive Discount Store,Miami,Florida,United States,33127,25.7741566,-80.1935973
636,AW00000636,Value Added Reseller,Recreation Systems,Logansport,Indiana,United States,46947,40.7542375,-86.3625191
642,AW00000642,Value Added Reseller,Fitness Sport Boutique,Kittery,Maine,United States,3904,43.0856724,-70.743658
643,AW00000643,Specialty Bike Shop,Friendly Bike Shop,Port Huron,Michigan,United States,48060,42.9760854,-82.4333742
644,AW00000644,Warehouse,Convenient Sales and Service,Springfield,Oregon,United States,97477,44.0462362,-123.0220289
645,AW00000645,Value Added Reseller,Superior Hardware Distributors,Beaverton,Oregon,United States,97005,45.4871723,-122.80378
646,AW00000646,Specialty Bike Shop,Yellow Bicycle Company,Saint Louis,Missouri,United States,63103,38.6254063,-90.190009
647,AW00000647,Warehouse,Solid Bike Parts,Arlington,Texas,United States,76010,32.7355816,-97.1071186
650,AW00000650,Warehouse,Permanent Finish Products,Reno,Nevada,United States,89502,39.5261788,-119.812658
651,AW00000651,Value Added Reseller,Retread Tire Company,Augusta,Georgia,United States,30901,33.4709714,-81.9748429
652,AW00000652,Specialty Bike Shop,Selected Distributors,Marietta,Georgia,United States,30060,33.9528472,-84.5496148
660,AW00000660,Warehouse,Exhilarating Cycles,Howell,Michigan,United States,48843,42.6072552,-83.9293952
666,AW00000666,Warehouse,Bike Boutique,Columbus,Ohio,United States,43215,39.9622601,-83.0007065
667,AW00000667,Value Added Reseller,Traditional Department Stores,Valley Stream,New York,United States,11580,40.6631362,-73.7056955
668,AW00000668,Specialty Bike Shop,Official Parts Shop,Kelso,Washington,United States,98626,46.1421249,-122.905299
669,AW00000669,Warehouse,Racing Bike Outlet,Federal Way,Washington,United States,98003,47.313494,-122.33931
670,AW00000670,Value Added Reseller,First Bike Store,Odessa,Missouri,United States,64076,38.9992385,-93.9537152
671,AW00000671,Specialty Bike Shop,"Contoso, Ltd.",San Antonio,Texas,United States,78204,29.4246002,-98.4951405
672,AW00000672,Warehouse,Utilitarian Sporting Goods,Ogden,Utah,United States,84401,41.2230048,-111.9738429
673,AW00000673,Value Added Reseller,Countryside Company,Bountiful,Utah,United States,84010,40.8894611,-111.8804817
675,AW00000675,Warehouse,Bike Goods,North Miami Beach,Florida,United States,33162,25.9331488,-80.1625463
676,AW00000676,Value Added Reseller,Better Bike Shop,Austell,Georgia,United States,30106,33.8126059,-84.6343783
684,AW00000684,Warehouse,Lease-a-Bike Shop,Milford,Connecticut,United States,6460,41.2222218,-73.0570603
690,AW00000690,Warehouse,Active Cycling,Heath,Ohio,United States,43056,40.0228421,-82.4445991
691,AW00000691,Value Added Reseller,Mountain Bike Store,New Haven,Connecticut,United States,6510,41.3082138,-72.9250518
692,AW00000692,Specialty Bike Shop,Successful Sales Company,Tigard,Oregon,United States,97223,45.4307473,-122.771933
693,AW00000693,Warehouse,Stock Parts and Supplies,Hillsboro,Oregon,United States,97123,45.5228939,-122.989827
694,AW00000694,Value Added Reseller,The Accessories Store,Medford,Minnesota,United States,55049,44.1741299,-93.2463242
695,AW00000695,Specialty Bike Shop,Responsible Bike Dealers,Kansas City,Missouri,United States,64106,39.100105,-94.5781416
696,AW00000696,Warehouse,Roadway Supplies,Riverton,Utah,United States,84065,40.5179761,-111.9393701
697,AW00000697,Value Added Reseller,Brakes and Gears,Tooele,Utah,United States,84074,40.5307776,-112.29828
698,AW00000698,Specialty Bike Shop,Western Bike Supplies,Cedar City,Utah,United States,84720,37.6774238,-113.061827
699,AW00000699,Warehouse,Sensational Discount Store,Kannapolis,North Carolina,United States,28081,35.4979605,-80.6240008
700,AW00000700,Value Added Reseller,Underglaze and Finish Company,Charlotte,North Carolina,United States,28202,35.2272086,-80.8430827
10,AW00000010,Value Added Reseller,Rural Cycle Emporium,Burnaby,British Columbia,Canada,V5A 3A6,49.2433804,-122.972545
11,AW00000011,Specialty Bike Shop,Sharp Bikes,Toronto,Ontario,Canada,M4B 1V7,43.6534817,-79.3839347
12,AW00000012,Warehouse,Bikes and Motorbikes,Toronto,Ontario,Canada,M4B 1V7,43.6534817,-79.3839347
13,AW00000013,Value Added Reseller,Country Parts Shop,Les Ulis,Essonne,France,91940,48.681708,2.1701573
14,AW00000014,Specialty Bike Shop,Bicycle Warehouse Inc.,Frankfurt am Main,Saarland,Germany,60075,49.2322377,6.9867888
15,AW00000015,Warehouse,Budget Toy Store,Lavender Bay,New South Wales,Australia,2060,-33.8432002,151.2074155
16,AW00000016,Value Added Reseller,Bulk Discount Store,London,England,United Kingdom,SE1 8HL,51.5052366,-0.1115945
28,AW00000028,Value Added Reseller,Commuter Bicycle Store,Toronto,Ontario,Canada,M4B 1V6,43.6534817,-79.3839347
29,AW00000029,Specialty Bike Shop,Cross-Country Riding Supplies,Chalk Riber,Ontario,Canada,K0J 1J0,45.8777744,-77.368688
30,AW00000030,Warehouse,Cycle Merchants,Quebec,Quebec,Canada,G1R,46.8137431,-71.2084061
31,AW00000031,Value Added Reseller,Wheels Inc.,Paris,Seine (Paris),France,75013,48.8252181,2.7054865
32,AW00000032,Specialty Bike Shop,Precision Gears Inc.,Stuttgart,Saarland,Germany,70511,54.5969519,9.7915005
33,AW00000033,Warehouse,Global Sports Outlet,Lavender Bay,New South Wales,Australia,2060,-33.8432002,151.2074155
34,AW00000034,Value Added Reseller,Cycles Wholesaler & Mfg.,Warrington,England,United Kingdom,WA3 7BH,53.4018582,-2.5680224
46,AW00000046,Value Added Reseller,Gear-Shift Bikes Limited,Calgary,Alberta,Canada,T2P 2G8,51.0456064,-114.057541
47,AW00000047,Specialty Bike Shop,Greater Bike Store,Toronto,Ontario,Canada,M4B 1V6,43.6534817,-79.3839347
48,AW00000048,Warehouse,Grand Industries,Montreal,Quebec,Canada,H1Y 2H7,45.5031824,-73.5698065
49,AW00000049,Value Added Reseller,Neighborhood Bicycle Storehouse,Roncq,Nord,France,59223,50.7531232,3.1209016
50,AW00000050,Specialty Bike Shop,Hometown Riding Supplies,Berlin,Brandenburg,Germany,14197,52.36593,13.488641
51,AW00000051,Warehouse,Ideal Components,Cloverdale,South Australia,Australia,6105,-31.950996,115.9563932
52,AW00000052,Value Added Reseller,Instruments and Parts Company,Gloucestershire,England,United Kingdom,GL7 1RY,51.8333313,-2.1666674
64,AW00000064,Value Added Reseller,Metal Clearing House,Toronto,Ontario,Canada,M4B 1V6,43.6534817,-79.3839347
65,AW00000065,Specialty Bike Shop,Metro Manufacturing,Weston,Ontario,Canada,M9V 4W3,43.7000465,-79.5127589
66,AW00000066,Warehouse,Neighborhood Store,Burnaby,British Columbia,Canada,V5H 3Z7,49.2433804,-122.972545
67,AW00000067,Value Added Reseller,Self-Contained Cycle Parts Company,Verrieres Le Buisson,Essonne,France,91370,48.7467819,2.2653844
68,AW00000068,Specialty Bike Shop,North Bike Company,Muehlheim,Hamburg,Germany,63151,52.4813269,-1.9054517
69,AW00000069,Warehouse,Online Bike Catalog,Lavender Bay,New South Wales,Australia,2060,-33.8432002,151.2074155
70,AW00000070,Value Added Reseller,Outdoor Aerobic Systems Company,London,England,United Kingdom,C2H 7AU,51.5029954,-0.0014602
82,AW00000082,Value Added Reseller,Refined Department Stores,Vancouver,British Columbia,Canada,V7L 4J4,49.2608724,-123.113952
83,AW00000083,Specialty Bike Shop,Requisite Part Supply,Ottawa,Ontario,Canada,K4B 1S2,45.4208777,-75.6901106
84,AW00000084,Warehouse,Rewarding Activities Company,Etobicoke,Ontario,Canada,M9W 3P3,43.6435559,-79.5656326
85,AW00000085,Value Added Reseller,Roadway Bicycle Supply,Courbevoie,Hauts de Seine,France,92400,48.8953328,2.2561602
86,AW00000086,Specialty Bike Shop,Bicycle Exporters,Essen,Hamburg,Germany,45001,53.5719631,10.0440941
87,AW00000087,Warehouse,Rich Department Store,Lane Cove,New South Wales,Australia,1597,-33.8145001,151.1684189
88,AW00000088,Value Added Reseller,Closest Bicycle Store,Milton Keynes,England,United Kingdom,MK8 8ZD,52.0406502,-0.7594092
100,AW00000100,Value Added Reseller,Up-To-Date Sports,Markham,Ontario,Canada,L3S 3K2,43.8563707,-79.3376825
101,AW00000101,Specialty Bike Shop,Urban Sports Emporium,Toronto,Ontario,Canada,M4B 1V7,43.6534817,-79.3839347
102,AW00000102,Warehouse,National Manufacturing,Toronto,Ontario,Canada,M4B 1V7,43.6534817,-79.3839347
103,AW00000103,Value Added Reseller,The Bike Outlet,Pantin,Seine Saint Denis,France,93500,48.8965023,2.4019804
104,AW00000104,Specialty Bike Shop,Very Best Sports Supply,Duesseldorf,Hessen,Germany,40605,51.6128915,9.5883836
105,AW00000105,Warehouse,Volume Bike Sellers,Alexandria,New South Wales,Australia,2015,-33.9091568,151.1921281
106,AW00000106,Value Added Reseller,West Side Mart,Wokingham,England,United Kingdom,RG41 1QW,51.4120318,-0.8324037
118,AW00000118,Warehouse,Rapid Bikes,Toronto,Ontario,Canada,M4B 1V7,43.6534817,-79.3839347
119,AW00000119,Value Added Reseller,Red Bicycle Company,Pnot-Rouge,Quebec,Canada,J1E 2T7,38.6752399,-0.8099623
120,AW00000120,Specialty Bike Shop,Machines & Cycles Store,Montreal,Quebec,Canada,H1Y 2H5,45.5031824,-73.5698065
121,AW00000121,Warehouse,Metro Sports Equipment,Saint Ouen,Loir et Cher,France,41100,47.8083034,1.0771718
122,AW00000122,Value Added Reseller,Off-Price Bike Center,Berlin,Hessen,Germany,14111,50.5654225,9.6929957
123,AW00000123,Specialty Bike Shop,First Supplies,North Ryde,New South Wales,Australia,2113,-33.7975472,151.127306
124,AW00000124,Warehouse,Nearby Sporting Goods,W. York,England,United Kingdom,BD1 4SJ,53.5363422,-2.1815281
136,AW00000136,Warehouse,Wholesale Parts,Calgary,Alberta,Canada,T2P 2G8,51.0456064,-114.057541
137,AW00000137,Value Added Reseller,Transportation Options,Calgary,Alberta,Canada,T2P 2G8,51.0456064,-114.057541
138,AW00000138,Specialty Bike Shop,South Bike Company,Vancouver,British Columbia,Canada,V7L 4J4,49.2608724,-123.113952
139,AW00000139,Warehouse,Steel Inc.,Colombes,Hauts de Seine,France,92700,48.9227298,2.2543631
140,AW00000140,Value Added Reseller,Teen Discount Store,Bonn,Hamburg,Germany,53131,53.5570522,10.0496713
141,AW00000141,Specialty Bike Shop,Rental Gallery,Lavender Bay,New South Wales,Australia,2060,-33.8432002,151.2074155
142,AW00000142,Warehouse,Riding Cycles,Liverpool,England,United Kingdom,L4 4HB,53.4071991,-2.99168
154,AW00000154,Warehouse,Camping and Sports Store,Vancouver,British Columbia,Canada,V7L 4J4,49.2608724,-123.113952
155,AW00000155,Value Added Reseller,Corner Bicycle Supply,Toronto,Ontario,Canada,M4B 1V7,43.6534817,-79.3839347
156,AW00000156,Specialty Bike Shop,Metal Processing Company,Montreal,Quebec,Canada,H1Y 2H7,45.5031824,-73.5698065
157,AW00000157,Warehouse,Ace Bicycle Supply,Paris,Seine (Paris),France,75019,48.8252181,2.7054865
158,AW00000158,Value Added Reseller,Rural Sporting Goods,Bonn,Nordrhein-Westfalen,Germany,53131,50.7352621,7.1024635
159,AW00000159,Specialty Bike Shop,Uncompromising Quality Co,North Ryde,New South Wales,Australia,2113,-33.7975472,151.127306
160,AW00000160,Warehouse,Vigorous Sports Store,Oxon,England,United Kingdom,OX16 8RS,51.833333,-1.25
172,AW00000172,Warehouse,Certified Sports Supply,Richmond,British Columbia,Canada,V6B 3P7,49.163168,-123.137414
173,AW00000173,Value Added Reseller,Sundry Sporting Goods,Vancouver,British Columbia,Canada,V7L 4J4,49.2608724,-123.113952
174,AW00000174,Specialty Bike Shop,Toy Manufacturing Inc,Surrey,British Columbia,Canada,V3T 4W3,49.1913033,-122.849143
175,AW00000175,Warehouse,Registered Cycle Store,Orleans,Loiret,France,45000,47.9027336,1.9086066
176,AW00000176,Value Added Reseller,Rodeway Bike Store,Münster,Saarland,Germany,48001,49.223086,7.0039149
177,AW00000177,Specialty Bike Shop,Plastic Products Manufacturers,Hawthorne,Queensland,Australia,4171,-27.4623063,153.0598051
178,AW00000178,Warehouse,Rampart Amusement Company,W. York,England,United Kingdom,BD1 4SJ,53.5363422,-2.1815281
190,AW00000190,Warehouse,Racing Partners,Calgary,Alberta,Canada,T2P 2G8,51.0456064,-114.057541
191,AW00000191,Value Added Reseller,Non-Slip Pedal Company,Toronto,Ontario,Canada,M4B 1V7,43.6534817,-79.3839347
192,AW00000192,Specialty Bike Shop,Nuts and Bolts Mfg.,Toronto,Ontario,Canada,M4B 1V7,43.6534817,-79.3839347
193,AW00000193,Warehouse,Perfect Toys,Colomiers,Garonne (Haute),France,31770,43.6112476,1.3367443
194,AW00000194,Value Added Reseller,Mechanical Brake Manufacturers,München,Hamburg,Germany,80074,52.4813269,-1.9054517
195,AW00000195,Specialty Bike Shop,Inexpensive Parts Shop,North Sydney,New South Wales,Australia,2055,-33.7091278,151.1873618
196,AW00000196,Warehouse,Exhibition Showroom,Milton Keynes,England,United Kingdom,MK8 8ZD,52.0406502,-0.7594092
208,AW00000208,Warehouse,Professional Cyclists,Toronto,Ontario,Canada,M4B 1V7,43.6534817,-79.3839347
209,AW00000209,Value Added Reseller,Purple Bicycle Company,Scarborough,Ontario,Canada,M1V 4M2,43.7729744,-79.2576479
210,AW00000210,Specialty Bike Shop,Gasless Cycle Shop,Toronto,Ontario,Canada,M4B 1V5,43.6534817,-79.3839347
211,AW00000211,Warehouse,Sports Products Store,Lieusaint,Seine et Marne,France,77127,48.6316608,2.5514783
212,AW00000212,Value Added Reseller,Enterprise Center,München,Hessen,Germany,80074,51.2887665,9.4873759
213,AW00000213,Specialty Bike Shop,Fast Bike Works,South Melbourne,Victoria,Australia,3205,-37.83344,144.9570533
214,AW00000214,Warehouse,Exclusive Bicycle Mart,Lancaster,England,United Kingdom,LA1 1LN,54.0488219,-2.8013499
226,AW00000226,Specialty Bike Shop,Leisure Activities,Hull,Quebec,Canada,8Y,45.4405842,-75.7326823
227,AW00000227,Warehouse,"Health Spa, Limited",Toronto,Ontario,Canada,M4B 1V5,43.6534817,-79.3839347
228,AW00000228,Value Added Reseller,Home Town Bike Store,Ottawa,Ontario,Canada,K4B 1S1,45.4208777,-75.6901106
229,AW00000229,Specialty Bike Shop,Instant Cycle Store,Colombes,Hauts de Seine,France,92700,48.9227298,2.2543631
230,AW00000230,Warehouse,Global Bike Retailers,Bad Soden,Hessen,Germany,65800,50.1517006,8.4899671
231,AW00000231,Value Added Reseller,Helmets and Cycles,Lavender Bay,New South Wales,Australia,2060,-33.8432002,151.2074155
232,AW00000232,Specialty Bike Shop,Exceptional Cycle Services,Basingstoke Hants,England,United Kingdom,RG24 8PL,51.27837,-1.06831
244,AW00000244,Specialty Bike Shop,Retail Discount Store,Montreal,Quebec,Canada,H1Y 2H8,45.5031824,-73.5698065
245,AW00000245,Warehouse,Leather Seat Factory,Brossard,Quebec,Canada,J4Z 1R4,45.4554579,-73.4678695
246,AW00000246,Value Added Reseller,Large Bike Shop,Montreal,Quebec,Canada,H1Y 2H7,45.5031824,-73.5698065
247,AW00000247,Specialty Bike Shop,Major Amusement Company,Orly,Val de Marne,France,94310,48.7431683,2.402391
248,AW00000248,Warehouse,Good Bicycle Store,Sulzbach Taunus,Saarland,Germany,66272,52.4813269,-1.9054517
249,AW00000249,Value Added Reseller,Helpful Sales and Repair Service,Seaford,Victoria,Australia,3198,-38.1040134,145.1282259
250,AW00000250,Specialty Bike Shop,Express Bike Services,London,England,United Kingdom,SW6 SBY,51.5074456,-0.1277653
262,AW00000262,Specialty Bike Shop,General Industries,Calgary,Alberta,Canada,T2P 2G8,51.0456064,-114.057541
263,AW00000263,Warehouse,Farthest Bike Store,Burnaby,British Columbia,Canada,V5G 4S4,49.2433804,-122.972545
264,AW00000264,Value Added Reseller,Fasteners & Bolts Outlet,Toronto,Ontario,Canada,M4B 1V5,43.6534817,-79.3839347
265,AW00000265,Specialty Bike Shop,Full Sports Supply,Paris,Seine (Paris),France,75016,48.8252181,2.7054865
266,AW00000266,Warehouse,Excellent Bikes,Grevenbroich,Bayern,Germany,41485,52.4813269,-1.9054517
267,AW00000267,Value Added Reseller,Cycle Parts and Accessories,Melbourne,Victoria,Australia,3000,-37.8142454,144.9631732
268,AW00000268,Specialty Bike Shop,Channel Outlet,High Wycombe,England,United Kingdom,HP10 9QY,51.6317449,-0.75596
280,AW00000280,Specialty Bike Shop,Standard Bikes,Barrie,Ontario,Canada,L4N,44.3893208,-79.6901302
281,AW00000281,Warehouse,Petroleum Products Distributors,Montreal,Quebec,Canada,H1Y 2H7,45.5031824,-73.5698065
282,AW00000282,Value Added Reseller,Quick Parts and Service,Sainte-Foy,Quebec,Canada,G1W,46.7743268,-71.2994438
283,AW00000283,Specialty Bike Shop,Racing Supply Distributors,Roissy en Brie,Seine et Marne,France,77680,48.7903787,2.6545195
284,AW00000284,Warehouse,Nearby Bike Mall,Berlin,Nordrhein-Westfalen,Germany,14197,51.2754808,7.2208839
285,AW00000285,Value Added Reseller,Nearest Bike Store,North Ryde,New South Wales,Australia,2113,-33.7975472,151.127306
286,AW00000286,Specialty Bike Shop,Number One Bike Co.,Reading,England,United Kingdom,RG7 5H7,51.4564242,-0.9700664
298,AW00000298,Specialty Bike Shop,City Cycling,Winnipeg,Manitoba,Canada,R3,49.8781779,-97.2277058
299,AW00000299,Warehouse,Citywide Service and Repair,Saint John,Brunswick,Canada,E2P 1E3,45.2787992,-66.0585188
300,AW00000300,Value Added Reseller,Nice Bikes,Ottawa,Ontario,Canada,K4B 1T7,45.4208777,-75.6901106
301,AW00000301,Specialty Bike Shop,Rural Mountain Bike Mart,Paris,Seine (Paris),France,75019,48.8252181,2.7054865
302,AW00000302,Warehouse,Best Cycle Store,Offenbach,Saarland,Germany,63009,52.4813269,-1.9054517
303,AW00000303,Value Added Reseller,Seaside Bike Works,North Sydney,New South Wales,Australia,2055,-33.7091278,151.1873618
304,AW00000304,Specialty Bike Shop,Essential Bike Works,Abingdon,England,United Kingdom,OX14 4SE,51.6714842,-1.2779715
316,AW00000316,Specialty Bike Shop,Low Price Cycles,Mississauga,Ontario,Canada,L5A 1H6,43.5884727,-79.643658
317,AW00000317,Warehouse,Finer Riding Supplies,Burnaby,British Columbia,Canada,V5A 4X1,49.2433804,-122.972545
318,AW00000318,Value Added Reseller,First-Rate Outlet,Victoria,British Columbia,Canada,V8V,48.4283182,-123.364953
319,AW00000319,Specialty Bike Shop,Cycles Sales and Repair,Bobigny,Seine Saint Denis,France,93000,48.906387,2.4452231
320,AW00000320,Warehouse,Amalgamated Parts Shop,Frankfurt am Main,Hamburg,Germany,60082,52.4813269,-1.9054517
321,AW00000321,Value Added Reseller,Second Bike Shop,Matraville,New South Wales,Australia,2036,-33.9639325,151.2334198
322,AW00000322,Specialty Bike Shop,Tachometers and Accessories,Milton Keynes,England,United Kingdom,MK8 8DF,52.0406502,-0.7594092
334,AW00000334,Value Added Reseller,Retreat Inn,Waterloo,Ontario,Canada,N2V,43.4652699,-80.5222961
335,AW00000335,Specialty Bike Shop,Scratch-Resistant Finishes Company,Mississauga,Ontario,Canada,L4W 5J3,43.5884727,-79.643658
336,AW00000336,Warehouse,Primary Bike Distributors,Montreal,Quebec,Canada,H1Y 2H8,45.5031824,-73.5698065
337,AW00000337,Value Added Reseller,Recreation Toy Store,Paris La Defense,Hauts de Seine,France,92081,48.8956767,2.2296581
338,AW00000338,Specialty Bike Shop,Rambling Tours,Stuttgart,Saarland,Germany,70511,54.5969519,9.7915005
339,AW00000339,Warehouse,Major Bicycle Store,Matraville,New South Wales,Australia,2036,-33.9639325,151.2334198
340,AW00000340,Value Added Reseller,Nearby Cycle Shop,West Sussex,England,United Kingdom,RH15 9UD,51.0,-0.416667
352,AW00000352,Value Added Reseller,Twelfth Bike Store,Edmonton,Alberta,Canada,T5,53.5665008,-113.6241404
353,AW00000353,Specialty Bike Shop,Two-Wheeled Transit Company,Winnipeg,Manitoba,Canada,R3,49.8781779,-97.2277058
354,AW00000354,Warehouse,Serious Cycles,Calgary,Alberta,Canada,T2P 2G8,51.0456064,-114.057541
355,AW00000355,Value Added Reseller,Spare Parts Co.,Paris,Seine (Paris),France,75003,48.8252181,2.7054865
356,AW00000356,Specialty Bike Shop,Speedometer Sales,Hamburg,Hessen,Germany,22001,50.0936057,8.2701968
357,AW00000357,Warehouse,Quality Bike Sales,Findon,South Australia,Australia,5023,-34.899463,138.5314438
358,AW00000358,Value Added Reseller,Mail Market,York,England,United Kingdom,Y024 1GF,53.9656579,-1.0743052
370,AW00000370,Value Added Reseller,Acceptable Sales & Service,Calgary,Alberta,Canada,T2P 2G8,51.0456064,-114.057541
371,AW00000371,Specialty Bike Shop,Custom Sales and Service,Surrey,British Columbia,Canada,V3T 4W3,49.1913033,-122.849143
372,AW00000372,Warehouse,Top Bike Market,Kingston,Ontario,Canada,7L,44.2809196,-76.5697913
373,AW00000373,Value Added Reseller,Township Inn,Les Ulis,Essonne,France,91940,48.681708,2.1701573
374,AW00000374,Specialty Bike Shop,Major Equipment Co,Salzgitter,Hessen,Germany,38231,51.2443608,9.4485649
375,AW00000375,Warehouse,Region Bike Company,East Brisbane,Queensland,Australia,4169,-27.483124,153.0464312
376,AW00000376,Value Added Reseller,Commerce Bicycle Specialists,Berkshire,England,United Kingdom,RG11 5TP,51.4463135,-1.275882
388,AW00000388,Value Added Reseller,Road Way Sales and Rental,Vancouver,British Columbia,Canada,V7L 4J4,49.2608724,-123.113952
389,AW00000389,Specialty Bike Shop,Sixth Bike Store,Surrey,British Columbia,Canada,V3T 4W3,49.1913033,-122.849143
390,AW00000390,Warehouse,Plastic Parts Company,Waterloo,Ontario,Canada,N2V,43.4652699,-80.5222961
391,AW00000391,Value Added Reseller,Pretty Bikes and Toys,Paris,Seine (Paris),France,75005,48.8252181,2.7054865
392,AW00000392,Specialty Bike Shop,Primary Cycle Shop,Hamburg,Hamburg,Germany,20354,53.5909051,9.9753758
393,AW00000393,Warehouse,Gears and Parts Company,Milsons Point,New South Wales,Australia,2061,-33.8471255,151.2115234
394,AW00000394,Value Added Reseller,Little Sports Center,York,England,United Kingdom,Y03 4TN,53.9656579,-1.0743052
406,AW00000406,Value Added Reseller,The Commissary,Outremont,Quebec,Canada,H1Y 2G5,45.5186167,-73.6068856
407,AW00000407,Specialty Bike Shop,Workout Emporium,Montreal,Quebec,Canada,H1Y 2H7,45.5031824,-73.5698065
408,AW00000408,Warehouse,Odometers and Accessories Company,Richmond,British Columbia,Canada,V6B 3P7,49.163168,-123.137414
409,AW00000409,Value Added Reseller,Outdoor Toy Store,Aujan Mournede,Gers,France,32300,43.3825,0.5033333
410,AW00000410,Specialty Bike Shop,Pedaling Components,Kiel,Saarland,Germany,24044,49.248428,6.8163385
411,AW00000411,Warehouse,Kids and Adults Cycle Shop,North Sydney,New South Wales,Australia,2055,-33.7091278,151.1873618
412,AW00000412,Value Added Reseller,Leisure Clearing House,Birmingham,England,United Kingdom,B29 6SL,52.4948994,-1.8518439
424,AW00000424,Value Added Reseller,Bikes for Two,Richmond Hill,Ontario,Canada,L4E 3M5,43.8801166,-79.4392925
425,AW00000425,Specialty Bike Shop,Bikes for Kids and Adults,Etobicoke,Ontario,Canada,M9W 3P3,43.6435559,-79.5656326
426,AW00000426,Warehouse,Custom Accessories Company,Brampton,Ontario,Canada,L6W 2T7,43.685832,-79.7599366
427,AW00000427,Value Added Reseller,Atypical Bike Company,Paris,Seine (Paris),France,75010,48.8252181,2.7054865
428,AW00000428,Specialty Bike Shop,West Wind Distributors,Hannover,Nordrhein-Westfalen,Germany,30601,52.1058297,9.0836557
429,AW00000429,Warehouse,Unusual Bicycle Company,Silverwater,New South Wales,Australia,2264,-33.1029115,151.5600857
430,AW00000430,Value Added Reseller,Uttermost Bike Shop,Bracknell,England,United Kingdom,RG12 8TB,51.4143513,-0.7449925
442,AW00000442,Warehouse,Original Bicycle Supply Company,Toronto,Ontario,Canada,M4B 1V5,43.6534817,-79.3839347
443,AW00000443,Value Added Reseller,Courteous Bicycle Specialists,Richmond Hill,Ontario,Canada,L4E 3M5,43.8801166,-79.4392925
444,AW00000444,Specialty Bike Shop,Finer Cycle Shop,Calgary,Alberta,Canada,T2P 2G8,51.0456064,-114.057541
445,AW00000445,Warehouse,First Center,Pantin,Seine Saint Denis,France,93500,48.8965023,2.4019804
446,AW00000446,Value Added Reseller,Fitness Toys,Berlin,Hamburg,Germany,14111,53.5534401,10.0260449
447,AW00000447,Specialty Bike Shop,Cross-town Parts Shop,Springwood,New South Wales,Australia,2777,-33.7017613,150.5655467
448,AW00000448,Warehouse,Action Bicycle Specialists,Woolston,England,United Kingdom,WA1 4SY,50.8949017,-1.3739192
460,AW00000460,Warehouse,Price-Cutter Discount Bikes,Brossard,Quebec,Canada,J4Z 1C5,45.4554579,-73.4678695
461,AW00000461,Value Added Reseller,Active Life Toys,Mississauga,Ontario,Canada,L5B 3V4,43.5884727,-79.643658
462,AW00000462,Specialty Bike Shop,General Riding Supplies,Richmond,British Columbia,Canada,V6B 3P7,49.163168,-123.137414
463,AW00000463,Warehouse,Brand New Bikes,Les Ulis,Essonne,France,91940,48.681708,2.1701573
464,AW00000464,Value Added Reseller,Educational Services,Saarbrücken,Saarland,Germany,66001,49.234362,6.996379
465,AW00000465,Specialty Bike Shop,Expert Cycle Store,St. Leonards,New South Wales,Australia,2065,-33.8225666,151.1923402
466,AW00000466,Warehouse,Central Bicycle Specialists,Maidenhead,England,United Kingdom,SL67RJ,51.522743,-0.7197368
478,AW00000478,Warehouse,Major Cycling,Richmond,British Columbia,Canada,V6B 3P7,49.163168,-123.137414
479,AW00000479,Value Added Reseller,General Supplies,Ville De'anjou,Quebec,Canada,J1G 2R3,45.6121615,-73.5752256
480,AW00000480,Specialty Bike Shop,General Bike Corporation,Mississauga,Ontario,Canada,L5B 3V4,43.5884727,-79.643658
481,AW00000481,Warehouse,Getaway Inn,Saint Ouen,Loir et Cher,France,41100,47.8083034,1.0771718
482,AW00000482,Value Added Reseller,"Fabrikam Inc., East",Eilenburg,Brandenburg,Germany,4838,50.7320108,8.0473764
483,AW00000483,Specialty Bike Shop,Fitness Bike Accessories,Rhodes,New South Wales,Australia,2138,-33.8290589,151.0873578
484,AW00000484,Warehouse,Downhill Bicycle Specialists,Berks,England,United Kingdom,SL4 1RH,51.5200042,-0.6444576
496,AW00000496,Warehouse,Top Sports Supply,Edmonton,Alberta,Canada,T5,53.5665008,-113.6241404
497,AW00000497,Value Added Reseller,Valley Toy Store,Richmond,British Columbia,Canada,V6B 3P7,49.163168,-123.137414
498,AW00000498,Specialty Bike Shop,Quick Delivery Service,Mississauga,Ontario,Canada,L5B 3V4,43.5884727,-79.643658
499,AW00000499,Warehouse,Racing Sales and Service,Orleans,Loiret,France,45000,47.9027336,1.9086066
500,AW00000500,Value Added Reseller,Irregulars Outlet,Dresden,Hessen,Germany,1071,50.4409059,9.2424162
501,AW00000501,Specialty Bike Shop,Jumbo Bikes,Malabar,New South Wales,Australia,2036,-33.9629779,151.2480171
502,AW00000502,Warehouse,Metropolitan Bicycle Supply,London,England,United Kingdom,W1N 9FA,51.5029954,-0.0014602
514,AW00000514,Warehouse,Retail Mall,Richmond,British Columbia,Canada,V6B 3P7,49.163168,-123.137414
515,AW00000515,Value Added Reseller,Rural Bicycle Supply,North York,Ontario,Canada,M4C 4K6,43.7543217,-79.4491057
516,AW00000516,Specialty Bike Shop,Seats and Saddles Company,Kingston,Ontario,Canada,7L,44.2809196,-76.5697913
517,AW00000517,Warehouse,Racing Store,Les Ulis,Essonne,France,91940,48.681708,2.1701573
518,AW00000518,Value Added Reseller,Regional Cycle Shop,Berlin,Hessen,Germany,14111,50.5654225,9.6929957
519,AW00000519,Specialty Bike Shop,List Price Catalog Company,Melbourne,Victoria,Australia,3000,-37.8142454,144.9631732
520,AW00000520,Warehouse,Metro Metals Co.,London,England,United Kingdom,W10 6BL,51.4989595,-0.1756407
526,AW00000526,Warehouse,Finer Sales and Service,Ottawa,Ontario,Canada,K4B 1S2,45.4208777,-75.6901106
532,AW00000532,Warehouse,The Showroom,Kanata,Ontario,Canada,K2L 1H5,45.3128048,-75.8940505
533,AW00000533,Value Added Reseller,Tenth Bike Store,Sillery,Quebec,Canada,G1T,46.7820575,-71.25273
534,AW00000534,Specialty Bike Shop,Recommended Bicycles,Mississauga,Ontario,Canada,L5B 3V4,43.5884727,-79.643658
535,AW00000535,Warehouse,Spa and Exercise Outfitters,Cergy,Val d'Oise,France,95000,49.0527528,2.0388736
536,AW00000536,Value Added Reseller,Next Door Cycles,Berlin,Saarland,Germany,14197,49.2355547,6.992439
537,AW00000537,Specialty Bike Shop,Preferable Bikes,Rhodes,New South Wales,Australia,2138,-33.8290589,151.0873578
538,AW00000538,Warehouse,Prosperous Tours,London,England,United Kingdom,E17 6JF,51.5029954,-0.0014602
550,AW00000550,Specialty Bike Shop,Remote Bicycle Specialists,Quebec,Quebec,Canada,G1R,46.8137431,-71.2084061
551,AW00000551,Warehouse,Vinyl and Plastic Goods Corporation,Toronto,Ontario,Canada,M4B 1V5,43.6534817,-79.3839347
552,AW00000552,Value Added Reseller,Consolidated Messenger,Toronto,Ontario,Canada,M4B 1V5,43.6534817,-79.3839347
553,AW00000553,Specialty Bike Shop,Accessories Network,Paris,Seine (Paris),France,75008,48.8252181,2.7054865
554,AW00000554,Warehouse,Top of the Line Bikes,Paderborn,Hamburg,Germany,33041,52.4813269,-1.9054517
555,AW00000555,Value Added Reseller,Twin Cycles,Darlinghurst,New South Wales,Australia,2010,-33.8783381,151.219225
556,AW00000556,Specialty Bike Shop,Variety Cycling,London,England,United Kingdom,W1X3SE,51.5029954,-0.0014602
568,AW00000568,Specialty Bike Shop,Economy Center,Toronto,Ontario,Canada,M4B 1V5,43.6534817,-79.3839347
569,AW00000569,Warehouse,Designated Distributors,Nepean,Ontario,Canada,K2J 2W5,45.3446891,-75.7639408
570,AW00000570,Value Added Reseller,Family's Favorite Bike Shop,Montreal,Quebec,Canada,H1Y 2H5,45.5031824,-73.5698065
571,AW00000571,Specialty Bike Shop,Community Department Stores,Boulogne-sur-Mer,Pas de Calais,France,62200,50.7259985,1.6118771
572,AW00000572,Warehouse,Versatile Sporting Goods Company,Braunschweig,Nordrhein-Westfalen,Germany,38001,52.2789685,8.872093
573,AW00000573,Value Added Reseller,Nationwide Supply,Rhodes,New South Wales,Australia,2138,-33.8290589,151.0873578
574,AW00000574,Specialty Bike Shop,Area Sheet Metal Supply,London,England,United Kingdom,EC1R 0DU,51.5074456,-0.1277653
586,AW00000586,Specialty Bike Shop,One Bike Company,Montreal,Quebec,Canada,H1Y 2H7,45.5031824,-73.5698065
587,AW00000587,Warehouse,Our Sporting Goods Store,Ottawa,Ontario,Canada,K4B 1S3,45.4208777,-75.6901106
588,AW00000588,Value Added Reseller,General Cycle Storehouse,Burnaby,British Columbia,Canada,V5G 4W1,49.2433804,-122.972545
589,AW00000589,Specialty Bike Shop,Hiatus Bike Tours,Paris,Seine (Paris),France,75009,48.8252181,2.7054865
590,AW00000590,Warehouse,Lustrous Paints and Components,Poing,Saarland,Germany,66041,52.4813269,-1.9054517
591,AW00000591,Value Added Reseller,Fitness Discount Store,Melbourne,Victoria,Australia,3000,-37.8142454,144.9631732
592,AW00000592,Specialty Bike Shop,Cycling Goods,London,England,United Kingdom,SW8 1XD,51.5074456,-0.1277653
613,AW00000613,Specialty Bike Shop,Famous Bike Shop,Vancouver,Ontario,Canada,V5T 1Y9,45.3685399,-75.6607257
614,AW00000614,Warehouse,Favorite Toy Distributor,Paris,Seine (Paris),France,75017,48.8252181,2.7054865
615,AW00000615,Value Added Reseller,Fast Services,Leipzig,Nordrhein-Westfalen,Germany,4139,50.9487168,6.9451307
616,AW00000616,Specialty Bike Shop,Eastward Bike Accessories,Matraville,New South Wales,Australia,2036,-33.9639325,151.2334198
617,AW00000617,Warehouse,Tubeless Tire Company,Oxford,England,United Kingdom,OX14 4SE,51.7520131,-1.2578499
629,AW00000629,Warehouse,Efficient Cycling,Calgary,Alberta,Canada,T2P 2G8,51.0456064,-114.057541
630,AW00000630,Value Added Reseller,Eastside Parts Shop,Toronto,Ontario,Canada,M4B 1V4,43.6534817,-79.3839347
631,AW00000631,Specialty Bike Shop,Tandem Sales and Service,Toronto,Ontario,Canada,M4B 1V4,43.6534817,-79.3839347
632,AW00000632,Warehouse,Ultimate Bicycle Company,Morangis,Essonne,France,91420,48.7022956,2.3367599
633,AW00000633,Value Added Reseller,Rustic Bike Store,Augsburg,Bayern,Germany,86150,48.3690341,10.8979522
634,AW00000634,Specialty Bike Shop,Sensible Sports,Rhodes,New South Wales,Australia,2138,-33.8290589,151.0873578
635,AW00000635,Warehouse,Sports Store,Cambridge,England,United Kingdom,CB4 4BZ,53.9065724,-1.6936813
637,AW00000637,Specialty Bike Shop,Reliable Retail Center,Toronto,Ontario,Canada,M4B 1V4,43.6534817,-79.3839347
638,AW00000638,Warehouse,Metropolitan Equipment,Paris,Seine (Paris),France,75012,48.8252181,2.7054865
639,AW00000639,Value Added Reseller,Producer Goods Clearinghouse,Frankfurt,Bayern,Germany,91480,49.6806061,10.5267235
640,AW00000640,Specialty Bike Shop,Liquidation Sales,Perth,South Australia,Australia,6006,-31.972099,115.8520429
641,AW00000641,Warehouse,Extended Tours,London,England,United Kingdom,SW8 4BG,51.5074456,-0.1277653
653,AW00000653,Warehouse,Mercantile Outlet,Toronto,Ontario,Canada,M4B 1V4,43.6534817,-79.3839347
654,AW00000654,Value Added Reseller,Online Bike Warehouse,Aurora,Ontario,Canada,L4G 7N6,43.99973,-79.467545
655,AW00000655,Value Added Reseller,Operational Manufacturing,Dorval,Quebec,Canada,H9P 1H1,45.4453082,-73.7510888
656,AW00000656,Specialty Bike Shop,Impervious Paint Company,Paris,Seine (Paris),France,75007,48.8252181,2.7054865
657,AW00000657,Warehouse,Links Works,Ascheim,Hamburg,Germany,86171,48.3680319,10.8868398
658,AW00000658,Value Added Reseller,Mass Market Bikes,Alexandria,New South Wales,Australia,2015,-33.9091568,151.1921281
659,AW00000659,Specialty Bike Shop,Shipping Specialists,London,England,United Kingdom,SW19 3RU,51.4108699,-0.1880971
661,AW00000661,Value Added Reseller,General Department Stores,Calgary,Alberta,Canada,T2P 2G8,51.0456064,-114.057541
662,AW00000662,Specialty Bike Shop,Finer Sporting Goods,Croix,Nord,France,59170,50.6802124,3.1564365
663,AW00000663,Warehouse,Capital Riding Supplies,Augsburg,Hamburg,Germany,86171,48.3680319,10.8868398
664,AW00000664,Value Added Reseller,Eastside Cycle Shop,Melbourne,Victoria,Australia,3000,-37.8142454,144.9631732
665,AW00000665,Specialty Bike Shop,Authentic Sales and Service,London,England,United Kingdom,W1V 5RN,51.5029954,-0.0014602
677,AW00000677,Specialty Bike Shop,Tire Exchange,Ottawa,Ontario,Canada,K4B 1S2,45.4208777,-75.6901106
678,AW00000678,Warehouse,Vigorous Exercise Company,Toronto,Ontario,Canada,M4B 1V4,43.6534817,-79.3839347
679,AW00000679,Value Added Reseller,Superb Sales and Repair,Montreal,Quebec,Canada,H1Y 2H3,45.5031824,-73.5698065
680,AW00000680,Specialty Bike Shop,Racing Tours,Sèvres,Hauts de Seine,France,92310,48.8247407,2.2127083
681,AW00000681,Warehouse,Showcase for Cycles,Sulzbach Taunus,Saarland,Germany,66272,52.4813269,-1.9054517
682,AW00000682,Value Added Reseller,Popular Bike Lines,Newcastle,New South Wales,Australia,2300,-32.9192953,151.7795348
683,AW00000683,Specialty Bike Shop,Oils and Fluids Warehouse,London,England,United Kingdom,W1Y 3RA,51.5029954,-0.0014602
685,AW00000685,Value Added Reseller,Family Cycle Store,Montreal,Quebec,Canada,H1Y 2H8,45.5031824,-73.5698065
686,AW00000686,Specialty Bike Shop,Finished Parts Shop,Suresnes,Hauts de Seine,France,92150,48.8709053,2.2255727
687,AW00000687,Warehouse,Functional Store South,München,Nordrhein-Westfalen,Germany,80074,52.1818106,8.9268587
688,AW00000688,Value Added Reseller,Bike Part Wholesalers,Sydney,New South Wales,Australia,1002,-33.8909609,151.2275052
689,AW00000689,Specialty Bike Shop,Consumer Equipment,London,England,United Kingdom,SW1P 2NU,51.5074456,-0.1277653
701,AW00000701,Warehouse,Future Bikes,Calgary,Alberta,Canada,T2P 2G8,51.0456064,-114.057541
